article_id,timestamp,title,content,source,location,severity,event_type,estimated_duration_days,affected_industries,sentiment_score
NEWS_6359F31D,2025-05-26T22:50:20,Port strike in Taiwan disrupts shipping operations,Port strike in Taiwan disrupts shipping operations Local authorities report significant impact on industrial operations in Taiwan. Companies are exploring alternative sourcing options to minimize impact.,Bryan Inc News,Taiwan,Medium,Labor Strike,4,"['Manufacturing', 'Technology']",-0.8
NEWS_2305B31C,2025-05-03T12:48:28,"Natural disaster hits India, affecting local suppliers","Natural disaster hits India, affecting local suppliers Recovery efforts are underway with estimated timeline of 10 days. Local authorities report significant impact on industrial operations in India.",Fry PLC News,India,High,Natural Disaster,8,"['Logistics', 'Technology']",-0.58
NEWS_9D49A8D5,2025-05-12T10:31:22,Major power outage affects manufacturing in Netherlands for 5 days,Major power outage affects manufacturing in Netherlands for 5 days Local authorities report significant impact on industrial operations in Netherlands. Supply chain disruptions expected to last approximately 5 days.,"Clark, Armstrong and Montgomery News",Netherlands,High,Power Outage,5,"['Healthcare', 'Technology']",-0.22
NEWS_0885A072,2025-05-01T01:27:43,COVID-19 outbreak forces Italy facility closure,COVID-19 outbreak forces Italy facility closure Companies are exploring alternative sourcing options to minimize impact. Recovery efforts are underway with estimated timeline of 15 days. Supply chain disruptions expected to last approximately 10 days. Local authorities report significant impact on industrial operations in Italy.,Small-Gardner News,Italy,High,Health Crisis,10,['Healthcare'],-0.73
NEWS_3A4CB920,2025-05-14T06:08:29,Civil unrest in Switzerland impacts industrial operations,Civil unrest in Switzerland impacts industrial operations Manufacturing facilities in the region are implementing contingency plans. Recovery efforts are underway with estimated timeline of 14 days.,Sanchez-Aguirre News,Switzerland,Critical,Civil Unrest,13,['Logistics'],-0.15
NEWS_80851EF4,2025-05-19T07:18:30,"Natural disaster hits Japan, affecting local suppliers","Natural disaster hits Japan, affecting local suppliers Supply chain disruptions expected to last approximately 3 days. Local authorities report significant impact on industrial operations in Japan.",Chavez-Barker News,Japan,Low,Natural Disaster,3,"['Logistics', 'Technology']",-0.69
NEWS_E507889F,2025-05-07T06:21:12,New trade tariffs imposed on goods from Thailand,New trade tariffs imposed on goods from Thailand Manufacturing facilities in the region are implementing contingency plans. Recovery efforts are underway with estimated timeline of 10 days. Local authorities report significant impact on industrial operations in Thailand. Supply chain disruptions expected to last approximately 9 days.,Perry-Marshall News,Thailand,Critical,Trade Policy,9,"['Logistics', 'Healthcare', 'Technology']",-0.85
NEWS_10A2A781,2025-05-16T02:31:46,Factory fire in United States halts production,Factory fire in United States halts production Manufacturing facilities in the region are implementing contingency plans. Supply chain disruptions expected to last approximately 8 days. Local authorities report significant impact on industrial operations in United States.,"Thomas, Hensley and Flores News",United States,High,Industrial Accident,8,"['Healthcare', 'Logistics', 'Technology']",0.16
NEWS_E72DFF6B,2025-05-16T08:33:44,"Natural disaster hits Mexico, affecting local suppliers","Natural disaster hits Mexico, affecting local suppliers Companies are exploring alternative sourcing options to minimize impact. Manufacturing facilities in the region are implementing contingency plans. Recovery efforts are underway with estimated timeline of 18 days. Local authorities report significant impact on industrial operations in Mexico.",Anderson-Wood News,Mexico,Critical,Natural Disaster,13,['Logistics'],-0.19
NEWS_68799C0F,2025-05-26T20:32:50,Civil unrest in India impacts industrial operations,Civil unrest in India impacts industrial operations Supply chain disruptions expected to last approximately 1 days. Companies are exploring alternative sourcing options to minimize impact. Recovery efforts are underway with estimated timeline of 5 days. Local authorities report significant impact on industrial operations in India.,Flores Group News,India,High,Civil Unrest,1,['Logistics'],-0.3
NEWS_5C49B16F,2025-05-05T12:55:29,Civil unrest in Singapore impacts industrial operations,Civil unrest in Singapore impacts industrial operations Recovery efforts are underway with estimated timeline of 5 days. Companies are exploring alternative sourcing options to minimize impact.,Cole-Thomas News,Singapore,Low,Civil Unrest,4,"['Technology', 'Manufacturing', 'Logistics']",-0.62
NEWS_E5992E73,2025-05-02T01:08:08,Transportation network disrupted in Brazil,Transportation network disrupted in Brazil Supply chain disruptions expected to last approximately 1 days. Companies are exploring alternative sourcing options to minimize impact. Recovery efforts are underway with estimated timeline of 4 days.,Dougherty-Lin News,Brazil,Critical,Transportation Disruption,1,"['Manufacturing', 'Logistics']",-0.59
NEWS_B0ECBAB4,2025-05-19T21:20:19,COVID-19 outbreak forces Japan facility closure,COVID-19 outbreak forces Japan facility closure Supply chain disruptions expected to last approximately 14 days. Companies are exploring alternative sourcing options to minimize impact.,Estes and Sons News,Japan,Critical,Health Crisis,14,"['Healthcare', 'Manufacturing']",-0.03
NEWS_A3FA50A5,2025-05-15T11:40:00,Factory fire in Belgium halts production,Factory fire in Belgium halts production Local authorities report significant impact on industrial operations in Belgium. Supply chain disruptions expected to last approximately 3 days. Recovery efforts are underway with estimated timeline of 8 days. Companies are exploring alternative sourcing options to minimize impact.,"Griffith, Lee and Moore News",Belgium,Critical,Industrial Accident,3,"['Healthcare', 'Manufacturing', 'Logistics']",-0.89
NEWS_345F80CC,2025-05-24T13:52:27,Civil unrest in Belgium impacts industrial operations,Civil unrest in Belgium impacts industrial operations Companies are exploring alternative sourcing options to minimize impact. Supply chain disruptions expected to last approximately 7 days. Local authorities report significant impact on industrial operations in Belgium. Manufacturing facilities in the region are implementing contingency plans.,Jimenez-Parker News,Belgium,Critical,Civil Unrest,7,"['Technology', 'Manufacturing']",-0.01
NEWS_B38820B8,2025-04-30T17:10:43,Regulatory inspection halts operations at Japan facility,Regulatory inspection halts operations at Japan facility Companies are exploring alternative sourcing options to minimize impact. Supply chain disruptions expected to last approximately 5 days. Local authorities report significant impact on industrial operations in Japan. Manufacturing facilities in the region are implementing contingency plans.,Landry PLC News,Japan,Medium,Regulatory Issue,5,"['Healthcare', 'Technology']",0.0
NEWS_F0BEE5ED,2025-05-21T18:53:19,Port strike in France disrupts shipping operations,Port strike in France disrupts shipping operations Supply chain disruptions expected to last approximately 11 days. Companies are exploring alternative sourcing options to minimize impact. Manufacturing facilities in the region are implementing contingency plans.,Lewis LLC News,France,Medium,Labor Strike,11,['Manufacturing'],-0.08
NEWS_61E2ABA9,2025-05-01T22:52:02,Port strike in France disrupts shipping operations,Port strike in France disrupts shipping operations Companies are exploring alternative sourcing options to minimize impact. Recovery efforts are underway with estimated timeline of 13 days. Supply chain disruptions expected to last approximately 10 days. Manufacturing facilities in the region are implementing contingency plans.,Campbell PLC News,France,Low,Labor Strike,10,"['Manufacturing', 'Logistics']",-0.8
NEWS_18CAC551,2025-05-22T10:26:59,"Natural disaster hits Germany, affecting local suppliers","Natural disaster hits Germany, affecting local suppliers Supply chain disruptions expected to last approximately 6 days. Manufacturing facilities in the region are implementing contingency plans. Local authorities report significant impact on industrial operations in Germany. Companies are exploring alternative sourcing options to minimize impact.",Herrera-Boone News,Germany,High,Natural Disaster,6,"['Technology', 'Healthcare']",0.09
NEWS_E49D6DFD,2025-05-20T12:14:37,Major power outage affects manufacturing in Switzerland for 5 days,Major power outage affects manufacturing in Switzerland for 5 days Local authorities report significant impact on industrial operations in Switzerland. Supply chain disruptions expected to last approximately 5 days. Manufacturing facilities in the region are implementing contingency plans. Recovery efforts are underway with estimated timeline of 8 days.,Khan Ltd News,Switzerland,Low,Power Outage,5,"['Logistics', 'Healthcare', 'Technology']",0.05
NEWS_0AFAB44A,2025-05-17T08:20:17,Civil unrest in Philippines impacts industrial operations,Civil unrest in Philippines impacts industrial operations Recovery efforts are underway with estimated timeline of 8 days. Manufacturing facilities in the region are implementing contingency plans.,Diaz-Morales News,Philippines,Medium,Civil Unrest,5,['Logistics'],-0.38
NEWS_A8B082CC,2025-05-27T06:36:09,COVID-19 outbreak forces Switzerland facility closure,COVID-19 outbreak forces Switzerland facility closure Local authorities report significant impact on industrial operations in Switzerland. Supply chain disruptions expected to last approximately 7 days.,"Lee, Tran and Jones News",Switzerland,Medium,Health Crisis,7,"['Logistics', 'Manufacturing', 'Healthcare']",-0.5
NEWS_48BD9C08,2025-05-24T01:40:35,Port strike in China disrupts shipping operations,Port strike in China disrupts shipping operations Companies are exploring alternative sourcing options to minimize impact. Manufacturing facilities in the region are implementing contingency plans.,Duran-Ramirez News,China,High,Labor Strike,14,"['Healthcare', 'Manufacturing', 'Logistics']",0.07
NEWS_77F3A01C,2025-05-29T06:05:35,Transportation network disrupted in Brazil,Transportation network disrupted in Brazil Manufacturing facilities in the region are implementing contingency plans. Local authorities report significant impact on industrial operations in Brazil.,Anderson Inc News,Brazil,Low,Transportation Disruption,13,['Logistics'],0.03
NEWS_10ECBC67,2025-05-18T17:06:26,New trade tariffs imposed on goods from Vietnam,New trade tariffs imposed on goods from Vietnam Supply chain disruptions expected to last approximately 5 days. Local authorities report significant impact on industrial operations in Vietnam.,Norton-Morgan News,Vietnam,Critical,Trade Policy,5,"['Manufacturing', 'Technology', 'Healthcare']",-0.07
NEWS_BD6A667B,2025-05-17T08:08:19,Major power outage affects manufacturing in Belgium for 4 days,Major power outage affects manufacturing in Belgium for 4 days Recovery efforts are underway with estimated timeline of 5 days. Local authorities report significant impact on industrial operations in Belgium.,Gonzalez PLC News,Belgium,Critical,Power Outage,4,['Healthcare'],-0.95
NEWS_9406208C,2025-05-19T01:49:34,Major power outage affects manufacturing in Japan for 13 days,Major power outage affects manufacturing in Japan for 13 days Recovery efforts are underway with estimated timeline of 14 days. Supply chain disruptions expected to last approximately 13 days.,"Williams, Williams and Reeves News",Japan,Medium,Power Outage,13,['Healthcare'],-0.96
NEWS_25986F00,2025-05-22T14:07:41,Civil unrest in Vietnam impacts industrial operations,Civil unrest in Vietnam impacts industrial operations Supply chain disruptions expected to last approximately 10 days. Recovery efforts are underway with estimated timeline of 13 days. Manufacturing facilities in the region are implementing contingency plans.,"Bryant, Obrien and Robertson News",Vietnam,Low,Civil Unrest,10,['Manufacturing'],-0.37
NEWS_17EAAB9D,2025-05-15T12:17:03,New trade tariffs imposed on goods from Taiwan,New trade tariffs imposed on goods from Taiwan Local authorities report significant impact on industrial operations in Taiwan. Recovery efforts are underway with estimated timeline of 7 days. Companies are exploring alternative sourcing options to minimize impact. Supply chain disruptions expected to last approximately 5 days.,"Flores, Long and Jensen News",Taiwan,High,Trade Policy,5,"['Logistics', 'Technology', 'Manufacturing']",-0.78
NEWS_F554C162,2025-05-14T02:48:34,Factory fire in Switzerland halts production,Factory fire in Switzerland halts production Supply chain disruptions expected to last approximately 7 days. Companies are exploring alternative sourcing options to minimize impact. Local authorities report significant impact on industrial operations in Switzerland. Recovery efforts are underway with estimated timeline of 9 days.,"Rogers, Clayton and Patel News",Switzerland,Low,Industrial Accident,7,"['Manufacturing', 'Healthcare']",-0.84
NEWS_01EAC2BE,2025-05-26T22:01:50,Civil unrest in Switzerland impacts industrial operations,Civil unrest in Switzerland impacts industrial operations Manufacturing facilities in the region are implementing contingency plans. Companies are exploring alternative sourcing options to minimize impact.,Wells-Smith News,Switzerland,Low,Civil Unrest,9,"['Healthcare', 'Logistics']",-0.28
NEWS_CC6F4ECE,2025-05-15T16:05:54,COVID-19 outbreak forces Japan facility closure,COVID-19 outbreak forces Japan facility closure Manufacturing facilities in the region are implementing contingency plans. Companies are exploring alternative sourcing options to minimize impact. Local authorities report significant impact on industrial operations in Japan.,"Rodriguez, Butler and Parker News",Japan,Low,Health Crisis,4,"['Healthcare', 'Manufacturing']",-0.98
NEWS_8A4EA2FA,2025-04-30T21:13:21,COVID-19 outbreak forces Philippines facility closure,COVID-19 outbreak forces Philippines facility closure Companies are exploring alternative sourcing options to minimize impact. Local authorities report significant impact on industrial operations in Philippines. Recovery efforts are underway with estimated timeline of 12 days.,"Wells, Coffey and Patton News",Philippines,Medium,Health Crisis,11,"['Technology', 'Healthcare']",-0.29
NEWS_F4ADDFE4,2025-05-27T16:08:52,"Natural disaster hits India, affecting local suppliers","Natural disaster hits India, affecting local suppliers Manufacturing facilities in the region are implementing contingency plans. Supply chain disruptions expected to last approximately 2 days.","Perez, Williams and Castillo News",India,Critical,Natural Disaster,2,['Logistics'],0.01
NEWS_402C0994,2025-05-25T00:57:04,COVID-19 outbreak forces Israel facility closure,COVID-19 outbreak forces Israel facility closure Manufacturing facilities in the region are implementing contingency plans. Companies are exploring alternative sourcing options to minimize impact. Supply chain disruptions expected to last approximately 5 days. Recovery efforts are underway with estimated timeline of 10 days.,"Griffith, Hampton and James News",Israel,Critical,Health Crisis,5,"['Healthcare', 'Manufacturing']",-0.08
NEWS_7DA9A3E6,2025-05-11T08:21:21,Port strike in India disrupts shipping operations,Port strike in India disrupts shipping operations Supply chain disruptions expected to last approximately 5 days. Recovery efforts are underway with estimated timeline of 9 days. Local authorities report significant impact on industrial operations in India.,Armstrong Ltd News,India,Low,Labor Strike,5,"['Manufacturing', 'Technology', 'Logistics']",-0.19
NEWS_C73A0F26,2025-05-04T22:12:50,Factory fire in Thailand halts production,Factory fire in Thailand halts production Manufacturing facilities in the region are implementing contingency plans. Local authorities report significant impact on industrial operations in Thailand.,Smith LLC News,Thailand,Low,Industrial Accident,10,"['Technology', 'Logistics', 'Manufacturing']",-0.65
NEWS_38E0EA20,2025-05-19T22:05:26,COVID-19 outbreak forces France facility closure,COVID-19 outbreak forces France facility closure Manufacturing facilities in the region are implementing contingency plans. Local authorities report significant impact on industrial operations in France. Companies are exploring alternative sourcing options to minimize impact. Supply chain disruptions expected to last approximately 9 days.,Gutierrez and Sons News,France,Low,Health Crisis,9,"['Technology', 'Logistics']",0.02
NEWS_66C53D38,2025-05-19T12:18:02,COVID-19 outbreak forces Netherlands facility closure,COVID-19 outbreak forces Netherlands facility closure Recovery efforts are underway with estimated timeline of 2 days. Manufacturing facilities in the region are implementing contingency plans.,"Hampton, Knapp and Salas News",Netherlands,Medium,Health Crisis,1,"['Technology', 'Manufacturing']",-0.63
NEWS_E2A8E2CE,2025-05-02T14:44:21,COVID-19 outbreak forces Ireland facility closure,COVID-19 outbreak forces Ireland facility closure Companies are exploring alternative sourcing options to minimize impact. Recovery efforts are underway with estimated timeline of 14 days. Supply chain disruptions expected to last approximately 13 days. Local authorities report significant impact on industrial operations in Ireland.,"Taylor, Clark and Nguyen News",Ireland,Low,Health Crisis,13,"['Healthcare', 'Logistics']",-0.29
NEWS_C538927B,2025-05-22T19:31:08,Regulatory inspection halts operations at Ireland facility,Regulatory inspection halts operations at Ireland facility Manufacturing facilities in the region are implementing contingency plans. Local authorities report significant impact on industrial operations in Ireland. Companies are exploring alternative sourcing options to minimize impact.,"Bennett, Frye and Stevens News",Ireland,Low,Regulatory Issue,11,['Healthcare'],-0.58
NEWS_61DFE1F1,2025-05-25T11:18:51,Regulatory inspection halts operations at Israel facility,Regulatory inspection halts operations at Israel facility Local authorities report significant impact on industrial operations in Israel. Companies are exploring alternative sourcing options to minimize impact. Supply chain disruptions expected to last approximately 1 days.,Payne-Lowe News,Israel,High,Regulatory Issue,1,"['Healthcare', 'Manufacturing']",-0.21
NEWS_D28EE94F,2025-05-12T10:10:50,New trade tariffs imposed on goods from Singapore,New trade tariffs imposed on goods from Singapore Local authorities report significant impact on industrial operations in Singapore. Recovery efforts are underway with estimated timeline of 14 days. Supply chain disruptions expected to last approximately 11 days. Companies are exploring alternative sourcing options to minimize impact.,"Washington, Bernard and Ramirez News",Singapore,High,Trade Policy,11,['Manufacturing'],-0.35
NEWS_FAC85125,2025-05-14T01:57:11,COVID-19 outbreak forces Germany facility closure,COVID-19 outbreak forces Germany facility closure Recovery efforts are underway with estimated timeline of 15 days. Companies are exploring alternative sourcing options to minimize impact. Supply chain disruptions expected to last approximately 11 days. Local authorities report significant impact on industrial operations in Germany.,David LLC News,Germany,Critical,Health Crisis,11,"['Manufacturing', 'Logistics', 'Healthcare']",-0.32
NEWS_F9C88AC3,2025-05-13T14:53:26,Regulatory inspection halts operations at Italy facility,Regulatory inspection halts operations at Italy facility Supply chain disruptions expected to last approximately 2 days. Manufacturing facilities in the region are implementing contingency plans.,"Clark, Bush and Stewart News",Italy,Critical,Regulatory Issue,2,"['Healthcare', 'Manufacturing', 'Logistics']",-0.56
NEWS_065B2D59,2025-05-16T12:33:41,New trade tariffs imposed on goods from Belgium,New trade tariffs imposed on goods from Belgium Supply chain disruptions expected to last approximately 8 days. Manufacturing facilities in the region are implementing contingency plans. Recovery efforts are underway with estimated timeline of 9 days. Local authorities report significant impact on industrial operations in Belgium.,"Peck, Pope and Hill News",Belgium,High,Trade Policy,8,"['Technology', 'Manufacturing', 'Healthcare']",-0.14
NEWS_1A3730F3,2025-05-05T12:10:12,Port strike in Mexico disrupts shipping operations,Port strike in Mexico disrupts shipping operations Local authorities report significant impact on industrial operations in Mexico. Companies are exploring alternative sourcing options to minimize impact. Supply chain disruptions expected to last approximately 10 days.,"Rhodes, James and Baird News",Mexico,Medium,Labor Strike,10,"['Manufacturing', 'Healthcare']",-0.01
NEWS_9E66ACE1,2025-05-16T08:17:14,Civil unrest in United Kingdom impacts industrial operations,Civil unrest in United Kingdom impacts industrial operations Supply chain disruptions expected to last approximately 7 days. Companies are exploring alternative sourcing options to minimize impact. Recovery efforts are underway with estimated timeline of 12 days.,Roberts LLC News,United Kingdom,High,Civil Unrest,7,"['Technology', 'Healthcare', 'Manufacturing']",0.06
NEWS_121F3510,2025-05-03T10:15:08,Transportation network disrupted in Indonesia,Transportation network disrupted in Indonesia Companies are exploring alternative sourcing options to minimize impact. Supply chain disruptions expected to last approximately 14 days. Manufacturing facilities in the region are implementing contingency plans. Recovery efforts are underway with estimated timeline of 16 days.,Bradshaw-Douglas News,Indonesia,High,Transportation Disruption,14,"['Technology', 'Healthcare', 'Manufacturing']",-0.37
NEWS_8A18393F,2025-05-22T20:20:39,COVID-19 outbreak forces Switzerland facility closure,COVID-19 outbreak forces Switzerland facility closure Manufacturing facilities in the region are implementing contingency plans. Companies are exploring alternative sourcing options to minimize impact.,Harris PLC News,Switzerland,Critical,Health Crisis,3,"['Manufacturing', 'Healthcare']",-0.76
NEWS_E23B48E4,2025-05-12T18:04:08,Civil unrest in Belgium impacts industrial operations,Civil unrest in Belgium impacts industrial operations Supply chain disruptions expected to last approximately 14 days. Manufacturing facilities in the region are implementing contingency plans. Companies are exploring alternative sourcing options to minimize impact. Local authorities report significant impact on industrial operations in Belgium.,"Horton, Taylor and Gilbert News",Belgium,Critical,Civil Unrest,14,['Manufacturing'],-0.82
NEWS_AB3B2C8F,2025-05-28T01:53:00,New trade tariffs imposed on goods from United States,New trade tariffs imposed on goods from United States Companies are exploring alternative sourcing options to minimize impact. Recovery efforts are underway with estimated timeline of 16 days. Supply chain disruptions expected to last approximately 13 days.,Sanchez Ltd News,United States,Low,Trade Policy,13,['Logistics'],-0.67
NEWS_48CAF50D,2025-05-25T08:53:04,Civil unrest in United States impacts industrial operations,Civil unrest in United States impacts industrial operations Recovery efforts are underway with estimated timeline of 16 days. Supply chain disruptions expected to last approximately 13 days. Manufacturing facilities in the region are implementing contingency plans. Local authorities report significant impact on industrial operations in United States.,Little Inc News,United States,Critical,Civil Unrest,13,['Manufacturing'],0.03
NEWS_D646919C,2025-05-04T10:54:55,Severe weather warning issued for China,Severe weather warning issued for China Companies are exploring alternative sourcing options to minimize impact. Manufacturing facilities in the region are implementing contingency plans.,Rivera-Kennedy News,China,Low,Severe Weather,10,"['Logistics', 'Manufacturing']",-0.87
NEWS_F8681B71,2025-05-06T06:20:13,Transportation network disrupted in Israel,Transportation network disrupted in Israel Recovery efforts are underway with estimated timeline of 7 days. Manufacturing facilities in the region are implementing contingency plans. Supply chain disruptions expected to last approximately 2 days. Local authorities report significant impact on industrial operations in Israel.,Oconnell and Sons News,Israel,Medium,Transportation Disruption,2,"['Manufacturing', 'Logistics', 'Healthcare']",-0.0
NEWS_EA278E36,2025-05-19T08:15:28,Factory fire in Israel halts production,Factory fire in Israel halts production Supply chain disruptions expected to last approximately 13 days. Recovery efforts are underway with estimated timeline of 15 days. Local authorities report significant impact on industrial operations in Israel.,"Donovan, Johns and Woods News",Israel,Medium,Industrial Accident,13,['Healthcare'],-0.47
NEWS_A2E9F187,2025-05-09T06:33:33,Regulatory inspection halts operations at South Korea facility,Regulatory inspection halts operations at South Korea facility Manufacturing facilities in the region are implementing contingency plans. Local authorities report significant impact on industrial operations in South Korea. Supply chain disruptions expected to last approximately 1 days. Recovery efforts are underway with estimated timeline of 5 days.,Morris-Brewer News,South Korea,Critical,Regulatory Issue,1,"['Logistics', 'Technology', 'Manufacturing']",-0.56
NEWS_FF9D7799,2025-05-03T22:24:20,Severe weather warning issued for Taiwan,Severe weather warning issued for Taiwan Recovery efforts are underway with estimated timeline of 17 days. Local authorities report significant impact on industrial operations in Taiwan.,"Andrews, Nichols and Sharp News",Taiwan,Low,Severe Weather,14,"['Logistics', 'Technology', 'Healthcare']",-0.63
NEWS_B05ED873,2025-05-01T09:37:55,Severe weather warning issued for Taiwan,Severe weather warning issued for Taiwan Supply chain disruptions expected to last approximately 13 days. Companies are exploring alternative sourcing options to minimize impact. Recovery efforts are underway with estimated timeline of 14 days. Local authorities report significant impact on industrial operations in Taiwan.,Butler and Sons News,Taiwan,Critical,Severe Weather,13,"['Healthcare', 'Manufacturing']",0.12
NEWS_78FE11F5,2025-05-01T08:30:55,Civil unrest in Singapore impacts industrial operations,Civil unrest in Singapore impacts industrial operations Manufacturing facilities in the region are implementing contingency plans. Companies are exploring alternative sourcing options to minimize impact. Local authorities report significant impact on industrial operations in Singapore.,French-Lopez News,Singapore,High,Civil Unrest,4,['Technology'],-0.43
NEWS_001BAF52,2025-05-13T15:25:47,Severe weather warning issued for Belgium,Severe weather warning issued for Belgium Supply chain disruptions expected to last approximately 12 days. Manufacturing facilities in the region are implementing contingency plans.,Smith PLC News,Belgium,Low,Severe Weather,12,"['Technology', 'Healthcare']",-0.12
NEWS_60B9D2A1,2025-05-28T20:28:10,Severe weather warning issued for Canada,Severe weather warning issued for Canada Supply chain disruptions expected to last approximately 8 days. Companies are exploring alternative sourcing options to minimize impact.,Hebert LLC News,Canada,Medium,Severe Weather,8,['Technology'],-0.76
NEWS_4FA48C71,2025-05-13T09:42:53,Severe weather warning issued for Japan,Severe weather warning issued for Japan Supply chain disruptions expected to last approximately 10 days. Recovery efforts are underway with estimated timeline of 11 days.,Hays-Daniels News,Japan,Medium,Severe Weather,10,"['Technology', 'Logistics', 'Healthcare']",-0.43
NEWS_900B85FD,2025-05-23T13:37:33,"Natural disaster hits Israel, affecting local suppliers","Natural disaster hits Israel, affecting local suppliers Recovery efforts are underway with estimated timeline of 7 days. Manufacturing facilities in the region are implementing contingency plans. Supply chain disruptions expected to last approximately 5 days. Local authorities report significant impact on industrial operations in Israel.",Rosales Group News,Israel,Low,Natural Disaster,5,"['Healthcare', 'Manufacturing']",-0.53
NEWS_5334A6F3,2025-05-12T20:03:16,Regulatory inspection halts operations at Ireland facility,Regulatory inspection halts operations at Ireland facility Recovery efforts are underway with estimated timeline of 5 days. Supply chain disruptions expected to last approximately 4 days.,Lamb LLC News,Ireland,Low,Regulatory Issue,4,"['Logistics', 'Technology']",-0.16
NEWS_888935EB,2025-05-07T11:29:45,Major power outage affects manufacturing in Thailand for 7 days,Major power outage affects manufacturing in Thailand for 7 days Recovery efforts are underway with estimated timeline of 12 days. Manufacturing facilities in the region are implementing contingency plans. Local authorities report significant impact on industrial operations in Thailand.,"Stevens, Scott and Lopez News",Thailand,Low,Power Outage,7,"['Logistics', 'Healthcare']",-0.86
NEWS_54111823,2025-05-15T22:56:25,Transportation network disrupted in Taiwan,Transportation network disrupted in Taiwan Companies are exploring alternative sourcing options to minimize impact. Local authorities report significant impact on industrial operations in Taiwan. Recovery efforts are underway with estimated timeline of 11 days. Manufacturing facilities in the region are implementing contingency plans.,Bradley-Todd News,Taiwan,Medium,Transportation Disruption,7,"['Healthcare', 'Technology']",-0.41
NEWS_A5F4862A,2025-05-08T02:38:34,Factory fire in Vietnam halts production,Factory fire in Vietnam halts production Supply chain disruptions expected to last approximately 14 days. Manufacturing facilities in the region are implementing contingency plans. Companies are exploring alternative sourcing options to minimize impact. Local authorities report significant impact on industrial operations in Vietnam.,"Chase, Prince and Wilcox News",Vietnam,Critical,Industrial Accident,14,['Technology'],-0.05
NEWS_81BCAEDA,2025-05-24T14:31:18,Civil unrest in United States impacts industrial operations,Civil unrest in United States impacts industrial operations Companies are exploring alternative sourcing options to minimize impact. Supply chain disruptions expected to last approximately 5 days. Recovery efforts are underway with estimated timeline of 7 days. Manufacturing facilities in the region are implementing contingency plans.,Miller-Caldwell News,United States,Low,Civil Unrest,5,['Technology'],-0.84
NEWS_E8168165,2025-05-08T13:27:43,Factory fire in Italy halts production,Factory fire in Italy halts production Companies are exploring alternative sourcing options to minimize impact. Recovery efforts are underway with estimated timeline of 13 days. Manufacturing facilities in the region are implementing contingency plans. Supply chain disruptions expected to last approximately 11 days.,Woods and Sons News,Italy,Low,Industrial Accident,11,['Manufacturing'],-0.94
NEWS_60B3BB9E,2025-04-29T22:08:02,COVID-19 outbreak forces Singapore facility closure,COVID-19 outbreak forces Singapore facility closure Recovery efforts are underway with estimated timeline of 11 days. Local authorities report significant impact on industrial operations in Singapore. Companies are exploring alternative sourcing options to minimize impact. Supply chain disruptions expected to last approximately 6 days.,Reyes-Griffin News,Singapore,Critical,Health Crisis,6,"['Technology', 'Healthcare']",-0.55
NEWS_E7AE7842,2025-05-12T13:14:50,Major power outage affects manufacturing in Canada for 10 days,Major power outage affects manufacturing in Canada for 10 days Supply chain disruptions expected to last approximately 10 days. Companies are exploring alternative sourcing options to minimize impact. Recovery efforts are underway with estimated timeline of 12 days.,Turner-Sharp News,Canada,Critical,Power Outage,10,['Manufacturing'],-0.62
NEWS_4001FBD1,2025-04-30T03:29:59,Factory fire in United Kingdom halts production,Factory fire in United Kingdom halts production Manufacturing facilities in the region are implementing contingency plans. Local authorities report significant impact on industrial operations in United Kingdom.,Valdez-Schwartz News,United Kingdom,Medium,Industrial Accident,3,"['Healthcare', 'Technology']",-0.57
NEWS_B33CD207,2025-05-02T14:33:23,Civil unrest in Belgium impacts industrial operations,Civil unrest in Belgium impacts industrial operations Recovery efforts are underway with estimated timeline of 10 days. Manufacturing facilities in the region are implementing contingency plans. Supply chain disruptions expected to last approximately 5 days.,"Wilson, Parker and Sullivan News",Belgium,Medium,Civil Unrest,5,"['Technology', 'Manufacturing']",-0.33
NEWS_8B7E49D8,2025-05-23T23:39:18,COVID-19 outbreak forces Philippines facility closure,COVID-19 outbreak forces Philippines facility closure Local authorities report significant impact on industrial operations in Philippines. Supply chain disruptions expected to last approximately 1 days.,"Carrillo, Vaughn and Fowler News",Philippines,Medium,Health Crisis,1,['Technology'],-0.69
NEWS_BD35823D,2025-05-13T21:55:12,COVID-19 outbreak forces Taiwan facility closure,COVID-19 outbreak forces Taiwan facility closure Local authorities report significant impact on industrial operations in Taiwan. Companies are exploring alternative sourcing options to minimize impact. Supply chain disruptions expected to last approximately 7 days.,Mendez-Robinson News,Taiwan,Critical,Health Crisis,7,"['Technology', 'Manufacturing']",0.02
NEWS_205CF829,2025-05-06T01:47:43,Port strike in Vietnam disrupts shipping operations,Port strike in Vietnam disrupts shipping operations Manufacturing facilities in the region are implementing contingency plans. Supply chain disruptions expected to last approximately 6 days.,Hernandez-Adkins News,Vietnam,Medium,Labor Strike,6,"['Healthcare', 'Technology', 'Manufacturing']",-0.3
NEWS_1249671C,2025-05-28T23:54:48,Transportation network disrupted in United States,Transportation network disrupted in United States Companies are exploring alternative sourcing options to minimize impact. Local authorities report significant impact on industrial operations in United States.,Perry-Dunn News,United States,Medium,Transportation Disruption,13,"['Manufacturing', 'Logistics']",-0.97
NEWS_F5CD8A9C,2025-05-22T10:43:51,Port strike in Philippines disrupts shipping operations,Port strike in Philippines disrupts shipping operations Local authorities report significant impact on industrial operations in Philippines. Manufacturing facilities in the region are implementing contingency plans. Recovery efforts are underway with estimated timeline of 10 days. Companies are exploring alternative sourcing options to minimize impact.,"Pham, Petersen and Gill News",Philippines,Low,Labor Strike,7,"['Technology', 'Logistics']",-0.25
NEWS_192514F4,2025-05-28T12:21:01,Regulatory inspection halts operations at South Korea facility,Regulatory inspection halts operations at South Korea facility Local authorities report significant impact on industrial operations in South Korea. Companies are exploring alternative sourcing options to minimize impact. Supply chain disruptions expected to last approximately 11 days.,Fox PLC News,South Korea,Medium,Regulatory Issue,11,['Manufacturing'],-0.04
NEWS_A14F1DE3,2025-05-17T03:41:10,Severe weather warning issued for Japan,Severe weather warning issued for Japan Local authorities report significant impact on industrial operations in Japan. Companies are exploring alternative sourcing options to minimize impact. Recovery efforts are underway with estimated timeline of 14 days. Supply chain disruptions expected to last approximately 13 days.,Stark Inc News,Japan,High,Severe Weather,13,['Logistics'],0.16
NEWS_AC08B1C8,2025-05-02T14:07:47,Port strike in Ireland disrupts shipping operations,Port strike in Ireland disrupts shipping operations Companies are exploring alternative sourcing options to minimize impact. Recovery efforts are underway with estimated timeline of 3 days.,"Leach, Harris and Herrera News",Ireland,High,Labor Strike,1,"['Logistics', 'Manufacturing', 'Technology']",-0.41
NEWS_7F194CAA,2025-05-07T13:52:33,Civil unrest in Belgium impacts industrial operations,Civil unrest in Belgium impacts industrial operations Manufacturing facilities in the region are implementing contingency plans. Local authorities report significant impact on industrial operations in Belgium.,Bond-Ramos News,Belgium,High,Civil Unrest,11,"['Logistics', 'Technology', 'Healthcare']",0.06
NEWS_F834C639,2025-05-09T13:29:11,Civil unrest in France impacts industrial operations,Civil unrest in France impacts industrial operations Local authorities report significant impact on industrial operations in France. Companies are exploring alternative sourcing options to minimize impact. Supply chain disruptions expected to last approximately 10 days.,"Aguilar, Davis and Dixon News",France,Medium,Civil Unrest,10,"['Technology', 'Manufacturing']",-0.95
NEWS_B0443FF6,2025-05-02T06:59:48,COVID-19 outbreak forces Italy facility closure,COVID-19 outbreak forces Italy facility closure Supply chain disruptions expected to last approximately 11 days. Companies are exploring alternative sourcing options to minimize impact. Manufacturing facilities in the region are implementing contingency plans. Local authorities report significant impact on industrial operations in Italy.,Anderson-Perry News,Italy,High,Health Crisis,11,"['Technology', 'Manufacturing']",0.09
NEWS_F87F2F99,2025-05-26T23:10:49,Civil unrest in France impacts industrial operations,Civil unrest in France impacts industrial operations Manufacturing facilities in the region are implementing contingency plans. Supply chain disruptions expected to last approximately 3 days. Recovery efforts are underway with estimated timeline of 5 days. Companies are exploring alternative sourcing options to minimize impact.,Hansen Ltd News,France,High,Civil Unrest,3,"['Manufacturing', 'Healthcare', 'Technology']",0.1
NEWS_FADB2AC3,2025-05-14T13:13:11,Port strike in United Kingdom disrupts shipping operations,Port strike in United Kingdom disrupts shipping operations Local authorities report significant impact on industrial operations in United Kingdom. Companies are exploring alternative sourcing options to minimize impact. Manufacturing facilities in the region are implementing contingency plans.,"Johnson, Scott and Smith News",United Kingdom,High,Labor Strike,9,"['Healthcare', 'Technology']",-0.9
NEWS_FAE48265,2025-05-10T04:02:59,Major power outage affects manufacturing in United Kingdom for 2 days,Major power outage affects manufacturing in United Kingdom for 2 days Supply chain disruptions expected to last approximately 2 days. Companies are exploring alternative sourcing options to minimize impact.,"Jones, Henderson and Graves News",United Kingdom,Low,Power Outage,2,['Technology'],0.05
NEWS_D14BA0EC,2025-05-25T20:40:39,Severe weather warning issued for Japan,Severe weather warning issued for Japan Companies are exploring alternative sourcing options to minimize impact. Manufacturing facilities in the region are implementing contingency plans. Supply chain disruptions expected to last approximately 10 days. Local authorities report significant impact on industrial operations in Japan.,Michael Inc News,Japan,Medium,Severe Weather,10,['Manufacturing'],-0.1
NEWS_57D1CB90,2025-05-22T12:10:45,Civil unrest in Brazil impacts industrial operations,Civil unrest in Brazil impacts industrial operations Recovery efforts are underway with estimated timeline of 15 days. Local authorities report significant impact on industrial operations in Brazil. Companies are exploring alternative sourcing options to minimize impact.,Mitchell and Sons News,Brazil,Critical,Civil Unrest,14,['Manufacturing'],-0.79
NEWS_130289D5,2025-05-06T03:57:44,COVID-19 outbreak forces France facility closure,COVID-19 outbreak forces France facility closure Recovery efforts are underway with estimated timeline of 16 days. Companies are exploring alternative sourcing options to minimize impact. Supply chain disruptions expected to last approximately 12 days. Manufacturing facilities in the region are implementing contingency plans.,"Good, Brewer and Fisher News",France,Critical,Health Crisis,12,"['Manufacturing', 'Technology']",-0.84
NEWS_6409548B,2025-05-18T03:47:50,Port strike in Malaysia disrupts shipping operations,Port strike in Malaysia disrupts shipping operations Supply chain disruptions expected to last approximately 14 days. Local authorities report significant impact on industrial operations in Malaysia. Companies are exploring alternative sourcing options to minimize impact. Recovery efforts are underway with estimated timeline of 15 days.,Kane-Knox News,Malaysia,Medium,Labor Strike,14,"['Logistics', 'Technology', 'Manufacturing']",-0.9
NEWS_ADDCD242,2025-05-17T19:50:06,"Natural disaster hits Netherlands, affecting local suppliers","Natural disaster hits Netherlands, affecting local suppliers Local authorities report significant impact on industrial operations in Netherlands. Supply chain disruptions expected to last approximately 8 days.",Vega Ltd News,Netherlands,Medium,Natural Disaster,8,"['Technology', 'Logistics', 'Healthcare']",-0.98
NEWS_337B88BA,2025-05-25T18:30:24,Regulatory inspection halts operations at Netherlands facility,Regulatory inspection halts operations at Netherlands facility Recovery efforts are underway with estimated timeline of 6 days. Companies are exploring alternative sourcing options to minimize impact. Local authorities report significant impact on industrial operations in Netherlands.,Valdez LLC News,Netherlands,High,Regulatory Issue,4,['Manufacturing'],-0.24
NEWS_E47A3E2A,2025-05-05T08:23:38,Factory fire in Taiwan halts production,Factory fire in Taiwan halts production Recovery efforts are underway with estimated timeline of 11 days. Manufacturing facilities in the region are implementing contingency plans. Local authorities report significant impact on industrial operations in Taiwan. Supply chain disruptions expected to last approximately 7 days.,Haney Group News,Taiwan,Critical,Industrial Accident,7,"['Technology', 'Manufacturing']",-0.14
NEWS_7B8EC066,2025-05-25T06:19:21,Major power outage affects manufacturing in United Kingdom for 7 days,Major power outage affects manufacturing in United Kingdom for 7 days Recovery efforts are underway with estimated timeline of 12 days. Local authorities report significant impact on industrial operations in United Kingdom. Supply chain disruptions expected to last approximately 7 days.,Luna and Sons News,United Kingdom,Critical,Power Outage,7,"['Manufacturing', 'Logistics']",-0.25
NEWS_FB1A249B,2025-04-29T18:13:23,Severe weather warning issued for Indonesia,Severe weather warning issued for Indonesia Supply chain disruptions expected to last approximately 8 days. Manufacturing facilities in the region are implementing contingency plans.,Good Group News,Indonesia,Medium,Severe Weather,8,"['Healthcare', 'Logistics']",-0.72
NEWS_8F9421F3,2025-05-26T00:30:04,Regulatory inspection halts operations at Singapore facility,Regulatory inspection halts operations at Singapore facility Companies are exploring alternative sourcing options to minimize impact. Supply chain disruptions expected to last approximately 11 days. Recovery efforts are underway with estimated timeline of 14 days. Manufacturing facilities in the region are implementing contingency plans.,Patel-Morrow News,Singapore,Critical,Regulatory Issue,11,"['Healthcare', 'Logistics', 'Manufacturing']",-0.25
NEWS_D3F84744,2025-05-11T14:32:55,Port strike in Japan disrupts shipping operations,Port strike in Japan disrupts shipping operations Supply chain disruptions expected to last approximately 11 days. Recovery efforts are underway with estimated timeline of 15 days.,Reed-Hill News,Japan,Medium,Labor Strike,11,"['Technology', 'Manufacturing', 'Logistics']",0.13
NEWS_CA916589,2025-05-05T01:38:59,Civil unrest in France impacts industrial operations,Civil unrest in France impacts industrial operations Local authorities report significant impact on industrial operations in France. Recovery efforts are underway with estimated timeline of 6 days. Supply chain disruptions expected to last approximately 4 days. Manufacturing facilities in the region are implementing contingency plans.,Pacheco Group News,France,High,Civil Unrest,4,"['Logistics', 'Manufacturing', 'Healthcare']",-0.03
NEWS_1AB86112,2025-05-29T10:36:49,Factory fire in Italy halts production,Factory fire in Italy halts production Local authorities report significant impact on industrial operations in Italy. Supply chain disruptions expected to last approximately 2 days.,Allen Inc News,Italy,Critical,Industrial Accident,2,"['Healthcare', 'Logistics']",-0.08
NEWS_507401C7,2025-05-04T11:43:46,Civil unrest in Canada impacts industrial operations,Civil unrest in Canada impacts industrial operations Local authorities report significant impact on industrial operations in Canada. Recovery efforts are underway with estimated timeline of 8 days. Supply chain disruptions expected to last approximately 3 days. Manufacturing facilities in the region are implementing contingency plans.,"Johnson, Harper and Warner News",Canada,Low,Civil Unrest,3,['Manufacturing'],-0.01
NEWS_68D32430,2025-05-01T22:53:18,Transportation network disrupted in Germany,Transportation network disrupted in Germany Local authorities report significant impact on industrial operations in Germany. Supply chain disruptions expected to last approximately 2 days. Companies are exploring alternative sourcing options to minimize impact. Recovery efforts are underway with estimated timeline of 4 days.,Yang Group News,Germany,High,Transportation Disruption,2,"['Technology', 'Healthcare', 'Logistics']",-0.12
NEWS_3890D150,2025-05-20T21:36:18,"Natural disaster hits India, affecting local suppliers","Natural disaster hits India, affecting local suppliers Supply chain disruptions expected to last approximately 11 days. Local authorities report significant impact on industrial operations in India. Companies are exploring alternative sourcing options to minimize impact.",Fernandez Inc News,India,Critical,Natural Disaster,11,"['Manufacturing', 'Technology']",0.0
NEWS_9C20ED0E,2025-05-06T09:26:46,Severe weather warning issued for France,Severe weather warning issued for France Local authorities report significant impact on industrial operations in France. Manufacturing facilities in the region are implementing contingency plans.,"Holder, Young and Hendricks News",France,High,Severe Weather,5,"['Technology', 'Logistics', 'Manufacturing']",-0.82
NEWS_13F51542,2025-05-27T13:23:36,Factory fire in United Kingdom halts production,Factory fire in United Kingdom halts production Companies are exploring alternative sourcing options to minimize impact. Recovery efforts are underway with estimated timeline of 15 days.,Ray-Barton News,United Kingdom,Critical,Industrial Accident,13,"['Healthcare', 'Manufacturing']",-0.47
NEWS_2FD24C7F,2025-05-15T03:46:41,Transportation network disrupted in United States,Transportation network disrupted in United States Manufacturing facilities in the region are implementing contingency plans. Companies are exploring alternative sourcing options to minimize impact. Local authorities report significant impact on industrial operations in United States.,Turner and Sons News,United States,Critical,Transportation Disruption,2,['Technology'],-0.09
NEWS_3123B504,2025-05-24T21:28:40,"Natural disaster hits Philippines, affecting local suppliers","Natural disaster hits Philippines, affecting local suppliers Recovery efforts are underway with estimated timeline of 11 days. Manufacturing facilities in the region are implementing contingency plans. Supply chain disruptions expected to last approximately 10 days. Companies are exploring alternative sourcing options to minimize impact.",Gutierrez LLC News,Philippines,High,Natural Disaster,10,"['Healthcare', 'Logistics', 'Manufacturing']",-0.01
NEWS_CCE63274,2025-05-02T13:11:49,Regulatory inspection halts operations at United Kingdom facility,Regulatory inspection halts operations at United Kingdom facility Supply chain disruptions expected to last approximately 3 days. Companies are exploring alternative sourcing options to minimize impact. Manufacturing facilities in the region are implementing contingency plans.,"Fry, Hobbs and Buck News",United Kingdom,High,Regulatory Issue,3,"['Technology', 'Manufacturing', 'Logistics']",-0.9
NEWS_8E213153,2025-05-20T07:54:04,Severe weather warning issued for Canada,Severe weather warning issued for Canada Recovery efforts are underway with estimated timeline of 9 days. Manufacturing facilities in the region are implementing contingency plans. Local authorities report significant impact on industrial operations in Canada. Companies are exploring alternative sourcing options to minimize impact.,"Simpson, Compton and David News",Canada,High,Severe Weather,7,"['Healthcare', 'Technology', 'Manufacturing']",-0.97
NEWS_EDB379F7,2025-05-18T02:15:13,Regulatory inspection halts operations at Canada facility,Regulatory inspection halts operations at Canada facility Companies are exploring alternative sourcing options to minimize impact. Local authorities report significant impact on industrial operations in Canada. Manufacturing facilities in the region are implementing contingency plans.,"Flores, Butler and Hernandez News",Canada,Low,Regulatory Issue,5,"['Healthcare', 'Technology']",-0.39
NEWS_898A4259,2025-05-17T20:47:03,Major power outage affects manufacturing in India for 13 days,Major power outage affects manufacturing in India for 13 days Manufacturing facilities in the region are implementing contingency plans. Local authorities report significant impact on industrial operations in India. Supply chain disruptions expected to last approximately 13 days.,Webster Group News,India,High,Power Outage,13,['Logistics'],-0.58
NEWS_B7D3C420,2025-05-11T06:55:28,Regulatory inspection halts operations at Japan facility,Regulatory inspection halts operations at Japan facility Companies are exploring alternative sourcing options to minimize impact. Supply chain disruptions expected to last approximately 11 days. Local authorities report significant impact on industrial operations in Japan. Recovery efforts are underway with estimated timeline of 13 days.,Turner Ltd News,Japan,Medium,Regulatory Issue,11,"['Technology', 'Manufacturing']",-0.82
NEWS_D6536110,2025-05-06T14:21:30,Factory fire in Belgium halts production,Factory fire in Belgium halts production Companies are exploring alternative sourcing options to minimize impact. Supply chain disruptions expected to last approximately 2 days.,Melendez-Hart News,Belgium,Critical,Industrial Accident,2,['Technology'],-0.91
NEWS_05CB7A3E,2025-05-19T19:26:35,Transportation network disrupted in Philippines,Transportation network disrupted in Philippines Recovery efforts are underway with estimated timeline of 12 days. Companies are exploring alternative sourcing options to minimize impact. Supply chain disruptions expected to last approximately 7 days. Manufacturing facilities in the region are implementing contingency plans.,"Moreno, Price and Scott News",Philippines,Critical,Transportation Disruption,7,"['Technology', 'Healthcare']",0.17
NEWS_2B5C4249,2025-05-15T14:57:38,"Natural disaster hits Thailand, affecting local suppliers","Natural disaster hits Thailand, affecting local suppliers Companies are exploring alternative sourcing options to minimize impact. Supply chain disruptions expected to last approximately 9 days. Manufacturing facilities in the region are implementing contingency plans.","Miller, Cole and Watson News",Thailand,Low,Natural Disaster,9,"['Logistics', 'Technology', 'Healthcare']",-0.96
NEWS_D21973FB,2025-05-25T14:14:13,Transportation network disrupted in Thailand,Transportation network disrupted in Thailand Companies are exploring alternative sourcing options to minimize impact. Local authorities report significant impact on industrial operations in Thailand. Recovery efforts are underway with estimated timeline of 7 days. Supply chain disruptions expected to last approximately 6 days.,"Calderon, Williams and Bennett News",Thailand,High,Transportation Disruption,6,['Logistics'],-0.86
NEWS_97ECD750,2025-05-28T23:01:00,Severe weather warning issued for Japan,Severe weather warning issued for Japan Local authorities report significant impact on industrial operations in Japan. Supply chain disruptions expected to last approximately 5 days. Recovery efforts are underway with estimated timeline of 8 days.,"Williams, Jones and Ballard News",Japan,Critical,Severe Weather,5,['Healthcare'],0.07
NEWS_6EBA7A9D,2025-05-28T02:45:39,"Natural disaster hits Malaysia, affecting local suppliers","Natural disaster hits Malaysia, affecting local suppliers Local authorities report significant impact on industrial operations in Malaysia. Manufacturing facilities in the region are implementing contingency plans.","Powers, Robinson and Clark News",Malaysia,Low,Natural Disaster,14,['Technology'],-0.42
NEWS_FF5B6692,2025-05-15T18:06:28,Regulatory inspection halts operations at Japan facility,Regulatory inspection halts operations at Japan facility Companies are exploring alternative sourcing options to minimize impact. Supply chain disruptions expected to last approximately 8 days. Local authorities report significant impact on industrial operations in Japan.,Krueger-Smith News,Japan,Critical,Regulatory Issue,8,"['Technology', 'Manufacturing']",0.04
NEWS_5A4FFC36,2025-05-08T19:34:12,Port strike in Italy disrupts shipping operations,Port strike in Italy disrupts shipping operations Recovery efforts are underway with estimated timeline of 18 days. Companies are exploring alternative sourcing options to minimize impact. Supply chain disruptions expected to last approximately 13 days. Local authorities report significant impact on industrial operations in Italy.,"Wilson, Key and Mendoza News",Italy,Critical,Labor Strike,13,"['Manufacturing', 'Healthcare']",0.07
NEWS_C5F6272B,2025-05-11T08:49:04,Civil unrest in Israel impacts industrial operations,Civil unrest in Israel impacts industrial operations Local authorities report significant impact on industrial operations in Israel. Manufacturing facilities in the region are implementing contingency plans.,"Munoz, Harris and Herman News",Israel,Low,Civil Unrest,11,"['Manufacturing', 'Technology', 'Healthcare']",0.15
NEWS_457618A8,2025-05-26T09:23:43,New trade tariffs imposed on goods from United Kingdom,New trade tariffs imposed on goods from United Kingdom Local authorities report significant impact on industrial operations in United Kingdom. Recovery efforts are underway with estimated timeline of 17 days. Manufacturing facilities in the region are implementing contingency plans. Companies are exploring alternative sourcing options to minimize impact.,Rowe-James News,United Kingdom,Low,Trade Policy,13,"['Logistics', 'Manufacturing']",-0.0
NEWS_7FC99F62,2025-05-25T11:55:25,COVID-19 outbreak forces Mexico facility closure,COVID-19 outbreak forces Mexico facility closure Manufacturing facilities in the region are implementing contingency plans. Companies are exploring alternative sourcing options to minimize impact. Recovery efforts are underway with estimated timeline of 7 days. Local authorities report significant impact on industrial operations in Mexico.,"Howard, Green and Hunt News",Mexico,Critical,Health Crisis,2,['Healthcare'],-0.48
NEWS_6CED4C1C,2025-05-23T17:32:47,Major power outage affects manufacturing in Belgium for 14 days,Major power outage affects manufacturing in Belgium for 14 days Companies are exploring alternative sourcing options to minimize impact. Manufacturing facilities in the region are implementing contingency plans. Local authorities report significant impact on industrial operations in Belgium.,Garcia-Zavala News,Belgium,Low,Power Outage,14,['Logistics'],-0.66
NEWS_0991F2CF,2025-05-22T09:10:20,Civil unrest in Thailand impacts industrial operations,Civil unrest in Thailand impacts industrial operations Manufacturing facilities in the region are implementing contingency plans. Companies are exploring alternative sourcing options to minimize impact.,Rocha-Wood News,Thailand,Medium,Civil Unrest,13,['Healthcare'],-0.78
NEWS_0CBEE4F0,2025-05-19T16:26:23,Major power outage affects manufacturing in Taiwan for 5 days,Major power outage affects manufacturing in Taiwan for 5 days Manufacturing facilities in the region are implementing contingency plans. Supply chain disruptions expected to last approximately 5 days.,Hart and Sons News,Taiwan,Critical,Power Outage,5,"['Healthcare', 'Logistics']",0.13
NEWS_6B6E59D9,2025-05-06T16:11:19,Major power outage affects manufacturing in India for 4 days,Major power outage affects manufacturing in India for 4 days Recovery efforts are underway with estimated timeline of 6 days. Supply chain disruptions expected to last approximately 4 days. Companies are exploring alternative sourcing options to minimize impact. Manufacturing facilities in the region are implementing contingency plans.,Green PLC News,India,Low,Power Outage,4,"['Manufacturing', 'Logistics']",-0.44
NEWS_A8EBBBB9,2025-05-27T16:55:36,Port strike in Belgium disrupts shipping operations,Port strike in Belgium disrupts shipping operations Supply chain disruptions expected to last approximately 8 days. Local authorities report significant impact on industrial operations in Belgium. Recovery efforts are underway with estimated timeline of 9 days.,"Butler, Hernandez and Rivera News",Belgium,Low,Labor Strike,8,['Logistics'],-0.63
NEWS_77E58FF0,2025-05-18T00:43:18,COVID-19 outbreak forces Belgium facility closure,COVID-19 outbreak forces Belgium facility closure Supply chain disruptions expected to last approximately 2 days. Manufacturing facilities in the region are implementing contingency plans.,"Whitaker, Porter and Pena News",Belgium,Medium,Health Crisis,2,['Technology'],0.15
NEWS_7F1802AC,2025-05-15T23:28:02,COVID-19 outbreak forces Canada facility closure,COVID-19 outbreak forces Canada facility closure Recovery efforts are underway with estimated timeline of 2 days. Manufacturing facilities in the region are implementing contingency plans. Companies are exploring alternative sourcing options to minimize impact.,Hines-Burns News,Canada,Medium,Health Crisis,1,['Manufacturing'],0.12
NEWS_8E81FEA5,2025-05-23T09:45:42,Civil unrest in France impacts industrial operations,Civil unrest in France impacts industrial operations Companies are exploring alternative sourcing options to minimize impact. Manufacturing facilities in the region are implementing contingency plans. Recovery efforts are underway with estimated timeline of 13 days. Local authorities report significant impact on industrial operations in France.,Jackson-Norton News,France,High,Civil Unrest,10,['Logistics'],-0.11
NEWS_23DDADA5,2025-05-07T19:23:06,Port strike in Mexico disrupts shipping operations,Port strike in Mexico disrupts shipping operations Local authorities report significant impact on industrial operations in Mexico. Supply chain disruptions expected to last approximately 5 days. Manufacturing facilities in the region are implementing contingency plans.,Cortez Group News,Mexico,High,Labor Strike,5,"['Logistics', 'Healthcare']",-0.39
NEWS_7EAD2284,2025-05-08T12:36:27,Severe weather warning issued for Italy,Severe weather warning issued for Italy Companies are exploring alternative sourcing options to minimize impact. Manufacturing facilities in the region are implementing contingency plans. Local authorities report significant impact on industrial operations in Italy. Supply chain disruptions expected to last approximately 11 days.,"Mooney, Bernard and Warren News",Italy,High,Severe Weather,11,['Technology'],0.15
NEWS_96B55534,2025-05-03T04:46:39,Major power outage affects manufacturing in Italy for 12 days,Major power outage affects manufacturing in Italy for 12 days Local authorities report significant impact on industrial operations in Italy. Companies are exploring alternative sourcing options to minimize impact. Recovery efforts are underway with estimated timeline of 14 days. Manufacturing facilities in the region are implementing contingency plans.,"Williams, Smith and Taylor News",Italy,Medium,Power Outage,12,"['Technology', 'Logistics']",-0.35
NEWS_C88BB35E,2025-05-10T19:48:57,Port strike in Indonesia disrupts shipping operations,Port strike in Indonesia disrupts shipping operations Companies are exploring alternative sourcing options to minimize impact. Local authorities report significant impact on industrial operations in Indonesia. Supply chain disruptions expected to last approximately 9 days. Manufacturing facilities in the region are implementing contingency plans.,Mann Inc News,Indonesia,High,Labor Strike,9,"['Logistics', 'Healthcare']",0.18
NEWS_F203F91B,2025-05-10T05:00:11,COVID-19 outbreak forces India facility closure,COVID-19 outbreak forces India facility closure Local authorities report significant impact on industrial operations in India. Supply chain disruptions expected to last approximately 6 days. Manufacturing facilities in the region are implementing contingency plans.,"Bryant, Brown and Little News",India,Low,Health Crisis,6,"['Healthcare', 'Manufacturing']",-0.89
NEWS_0672ECB9,2025-05-29T12:28:24,Civil unrest in Brazil impacts industrial operations,Civil unrest in Brazil impacts industrial operations Companies are exploring alternative sourcing options to minimize impact. Manufacturing facilities in the region are implementing contingency plans.,Hopkins-Smith News,Brazil,Low,Civil Unrest,13,"['Technology', 'Healthcare']",-0.15
NEWS_F2AFD924,2025-05-25T10:14:55,Major power outage affects manufacturing in Malaysia for 4 days,Major power outage affects manufacturing in Malaysia for 4 days Manufacturing facilities in the region are implementing contingency plans. Companies are exploring alternative sourcing options to minimize impact.,"Jenkins, Smith and Bowen News",Malaysia,Medium,Power Outage,4,"['Logistics', 'Healthcare', 'Manufacturing']",-0.92
NEWS_C4F753CD,2025-05-25T14:21:23,Port strike in Vietnam disrupts shipping operations,Port strike in Vietnam disrupts shipping operations Supply chain disruptions expected to last approximately 3 days. Manufacturing facilities in the region are implementing contingency plans. Local authorities report significant impact on industrial operations in Vietnam. Companies are exploring alternative sourcing options to minimize impact.,Smith-Li News,Vietnam,High,Labor Strike,3,"['Technology', 'Manufacturing', 'Logistics']",-0.23
NEWS_73616BFB,2025-05-20T11:49:49,Major power outage affects manufacturing in Indonesia for 14 days,Major power outage affects manufacturing in Indonesia for 14 days Companies are exploring alternative sourcing options to minimize impact. Manufacturing facilities in the region are implementing contingency plans. Local authorities report significant impact on industrial operations in Indonesia.,Rodriguez Inc News,Indonesia,Critical,Power Outage,14,"['Healthcare', 'Technology']",-0.09
NEWS_3151393F,2025-05-25T01:07:46,New trade tariffs imposed on goods from Israel,New trade tariffs imposed on goods from Israel Recovery efforts are underway with estimated timeline of 4 days. Companies are exploring alternative sourcing options to minimize impact. Supply chain disruptions expected to last approximately 1 days.,Allen PLC News,Israel,Low,Trade Policy,1,"['Logistics', 'Technology']",-0.9
NEWS_3CE83220,2025-05-25T03:32:31,Major power outage affects manufacturing in Mexico for 12 days,Major power outage affects manufacturing in Mexico for 12 days Companies are exploring alternative sourcing options to minimize impact. Local authorities report significant impact on industrial operations in Mexico. Recovery efforts are underway with estimated timeline of 14 days. Manufacturing facilities in the region are implementing contingency plans.,Ochoa-Adams News,Mexico,Medium,Power Outage,12,"['Healthcare', 'Manufacturing']",-0.25
NEWS_48CA24F7,2025-05-18T20:35:39,Major power outage affects manufacturing in India for 8 days,Major power outage affects manufacturing in India for 8 days Recovery efforts are underway with estimated timeline of 12 days. Manufacturing facilities in the region are implementing contingency plans.,Watson Group News,India,High,Power Outage,8,['Manufacturing'],-0.43
NEWS_A033EA03,2025-05-21T20:56:51,Major power outage affects manufacturing in Italy for 14 days,Major power outage affects manufacturing in Italy for 14 days Supply chain disruptions expected to last approximately 14 days. Local authorities report significant impact on industrial operations in Italy. Manufacturing facilities in the region are implementing contingency plans. Recovery efforts are underway with estimated timeline of 17 days.,"Sanchez, Terry and Evans News",Italy,Low,Power Outage,14,"['Technology', 'Healthcare', 'Manufacturing']",-0.9
NEWS_47DCB5C5,2025-05-03T12:06:06,Major power outage affects manufacturing in Germany for 7 days,Major power outage affects manufacturing in Germany for 7 days Local authorities report significant impact on industrial operations in Germany. Supply chain disruptions expected to last approximately 7 days. Recovery efforts are underway with estimated timeline of 10 days. Companies are exploring alternative sourcing options to minimize impact.,"Frey, Santos and Johnson News",Germany,Low,Power Outage,7,"['Technology', 'Manufacturing']",-0.88
NEWS_533DA302,2025-05-19T06:21:35,Transportation network disrupted in Germany,Transportation network disrupted in Germany Companies are exploring alternative sourcing options to minimize impact. Local authorities report significant impact on industrial operations in Germany. Manufacturing facilities in the region are implementing contingency plans.,Bennett-Alvarez News,Germany,Critical,Transportation Disruption,1,['Manufacturing'],-0.46
NEWS_128DA28B,2025-04-30T01:11:11,Factory fire in Netherlands halts production,Factory fire in Netherlands halts production Manufacturing facilities in the region are implementing contingency plans. Local authorities report significant impact on industrial operations in Netherlands.,"Jackson, Porter and Hamilton News",Netherlands,Critical,Industrial Accident,10,"['Healthcare', 'Technology', 'Manufacturing']",-0.87
NEWS_8C43589B,2025-05-15T16:08:04,Regulatory inspection halts operations at United States facility,Regulatory inspection halts operations at United States facility Supply chain disruptions expected to last approximately 12 days. Recovery efforts are underway with estimated timeline of 13 days. Manufacturing facilities in the region are implementing contingency plans. Companies are exploring alternative sourcing options to minimize impact.,"Madden, Dickson and Jacobson News",United States,High,Regulatory Issue,12,"['Technology', 'Healthcare']",-0.25
NEWS_09A9CFC0,2025-05-01T15:45:10,New trade tariffs imposed on goods from Thailand,New trade tariffs imposed on goods from Thailand Supply chain disruptions expected to last approximately 3 days. Manufacturing facilities in the region are implementing contingency plans.,Lewis Ltd News,Thailand,Critical,Trade Policy,3,"['Healthcare', 'Logistics', 'Manufacturing']",-0.82
NEWS_1A8E08A4,2025-05-27T02:31:40,Regulatory inspection halts operations at Japan facility,Regulatory inspection halts operations at Japan facility Local authorities report significant impact on industrial operations in Japan. Supply chain disruptions expected to last approximately 6 days. Recovery efforts are underway with estimated timeline of 9 days.,Nelson-Glass News,Japan,Medium,Regulatory Issue,6,"['Manufacturing', 'Logistics', 'Healthcare']",-0.77
NEWS_D662D0DC,2025-05-13T04:50:04,New trade tariffs imposed on goods from Malaysia,New trade tariffs imposed on goods from Malaysia Supply chain disruptions expected to last approximately 13 days. Companies are exploring alternative sourcing options to minimize impact. Manufacturing facilities in the region are implementing contingency plans.,"Elliott, Johnson and Mcfarland News",Malaysia,Critical,Trade Policy,13,"['Healthcare', 'Technology', 'Logistics']",-0.26
NEWS_377CD864,2025-05-14T20:34:39,Severe weather warning issued for Belgium,Severe weather warning issued for Belgium Local authorities report significant impact on industrial operations in Belgium. Companies are exploring alternative sourcing options to minimize impact. Recovery efforts are underway with estimated timeline of 4 days.,Ali PLC News,Belgium,Low,Severe Weather,3,"['Logistics', 'Healthcare', 'Manufacturing']",-0.44
NEWS_135BCA89,2025-05-06T14:10:18,New trade tariffs imposed on goods from Malaysia,New trade tariffs imposed on goods from Malaysia Companies are exploring alternative sourcing options to minimize impact. Supply chain disruptions expected to last approximately 8 days. Recovery efforts are underway with estimated timeline of 11 days. Local authorities report significant impact on industrial operations in Malaysia.,"Nicholson, Hickman and Evans News",Malaysia,Low,Trade Policy,8,"['Manufacturing', 'Technology']",-0.57
NEWS_D5051BC1,2025-05-26T23:14:07,Port strike in Canada disrupts shipping operations,Port strike in Canada disrupts shipping operations Supply chain disruptions expected to last approximately 3 days. Manufacturing facilities in the region are implementing contingency plans. Local authorities report significant impact on industrial operations in Canada.,Knight Group News,Canada,Low,Labor Strike,3,['Logistics'],-0.66
NEWS_E1762237,2025-05-25T19:58:38,Civil unrest in Singapore impacts industrial operations,Civil unrest in Singapore impacts industrial operations Recovery efforts are underway with estimated timeline of 14 days. Supply chain disruptions expected to last approximately 12 days. Local authorities report significant impact on industrial operations in Singapore.,Reyes-Singh News,Singapore,Medium,Civil Unrest,12,['Logistics'],0.01
NEWS_E04A779D,2025-05-03T09:33:04,Major power outage affects manufacturing in India for 14 days,Major power outage affects manufacturing in India for 14 days Local authorities report significant impact on industrial operations in India. Manufacturing facilities in the region are implementing contingency plans. Recovery efforts are underway with estimated timeline of 16 days.,"Mcgee, Reed and Davis News",India,High,Power Outage,14,"['Logistics', 'Technology']",-0.03
NEWS_64307607,2025-05-10T20:38:37,"Natural disaster hits Philippines, affecting local suppliers","Natural disaster hits Philippines, affecting local suppliers Local authorities report significant impact on industrial operations in Philippines. Recovery efforts are underway with estimated timeline of 14 days. Companies are exploring alternative sourcing options to minimize impact.",Peterson PLC News,Philippines,Medium,Natural Disaster,9,['Logistics'],-0.36
NEWS_9BFF17A3,2025-05-28T12:06:38,Severe weather warning issued for Taiwan,Severe weather warning issued for Taiwan Supply chain disruptions expected to last approximately 6 days. Local authorities report significant impact on industrial operations in Taiwan. Manufacturing facilities in the region are implementing contingency plans.,Novak-Nguyen News,Taiwan,Medium,Severe Weather,6,"['Healthcare', 'Manufacturing', 'Logistics']",-0.7
NEWS_B54FD34D,2025-05-12T20:37:31,Civil unrest in Indonesia impacts industrial operations,Civil unrest in Indonesia impacts industrial operations Recovery efforts are underway with estimated timeline of 16 days. Companies are exploring alternative sourcing options to minimize impact. Local authorities report significant impact on industrial operations in Indonesia. Manufacturing facilities in the region are implementing contingency plans.,Henry-Kelly News,Indonesia,Critical,Civil Unrest,14,"['Manufacturing', 'Technology', 'Logistics']",-0.1
NEWS_ED08A8D7,2025-05-17T19:34:49,Transportation network disrupted in Indonesia,Transportation network disrupted in Indonesia Companies are exploring alternative sourcing options to minimize impact. Supply chain disruptions expected to last approximately 6 days. Recovery efforts are underway with estimated timeline of 10 days. Manufacturing facilities in the region are implementing contingency plans.,Lopez-Willis News,Indonesia,Critical,Transportation Disruption,6,"['Technology', 'Logistics', 'Healthcare']",-0.3
NEWS_4478481C,2025-05-18T00:59:35,Regulatory inspection halts operations at Indonesia facility,Regulatory inspection halts operations at Indonesia facility Supply chain disruptions expected to last approximately 11 days. Recovery efforts are underway with estimated timeline of 12 days.,Barton LLC News,Indonesia,Critical,Regulatory Issue,11,['Technology'],-0.74
NEWS_A649398C,2025-05-11T13:18:40,Factory fire in Belgium halts production,Factory fire in Belgium halts production Manufacturing facilities in the region are implementing contingency plans. Local authorities report significant impact on industrial operations in Belgium. Companies are exploring alternative sourcing options to minimize impact.,"Jones, Adams and James News",Belgium,Low,Industrial Accident,10,"['Technology', 'Healthcare']",-0.58
NEWS_42D8E9F4,2025-05-07T01:55:19,Major power outage affects manufacturing in Mexico for 8 days,Major power outage affects manufacturing in Mexico for 8 days Manufacturing facilities in the region are implementing contingency plans. Companies are exploring alternative sourcing options to minimize impact. Supply chain disruptions expected to last approximately 8 days. Recovery efforts are underway with estimated timeline of 13 days.,"Price, Ward and Davis News",Mexico,Critical,Power Outage,8,"['Healthcare', 'Logistics']",-0.62
NEWS_C477D519,2025-05-14T13:20:02,Major power outage affects manufacturing in Ireland for 3 days,Major power outage affects manufacturing in Ireland for 3 days Manufacturing facilities in the region are implementing contingency plans. Local authorities report significant impact on industrial operations in Ireland.,Ward-Nelson News,Ireland,High,Power Outage,3,['Healthcare'],0.01
NEWS_CC74DFED,2025-05-06T00:33:29,Transportation network disrupted in United Kingdom,Transportation network disrupted in United Kingdom Supply chain disruptions expected to last approximately 11 days. Local authorities report significant impact on industrial operations in United Kingdom. Companies are exploring alternative sourcing options to minimize impact.,Lopez Group News,United Kingdom,Low,Transportation Disruption,11,"['Manufacturing', 'Healthcare']",-0.76
NEWS_43D41F8A,2025-05-26T15:06:39,Severe weather warning issued for Malaysia,Severe weather warning issued for Malaysia Manufacturing facilities in the region are implementing contingency plans. Supply chain disruptions expected to last approximately 5 days. Recovery efforts are underway with estimated timeline of 8 days. Local authorities report significant impact on industrial operations in Malaysia.,"Hunt, Garcia and Davis News",Malaysia,High,Severe Weather,5,['Healthcare'],-0.66
NEWS_94711D58,2025-05-26T11:53:21,Factory fire in Switzerland halts production,Factory fire in Switzerland halts production Local authorities report significant impact on industrial operations in Switzerland. Companies are exploring alternative sourcing options to minimize impact. Manufacturing facilities in the region are implementing contingency plans. Recovery efforts are underway with estimated timeline of 12 days.,Carlson LLC News,Switzerland,Critical,Industrial Accident,7,['Logistics'],-0.13
NEWS_A5D5A217,2025-05-18T07:00:39,COVID-19 outbreak forces Malaysia facility closure,COVID-19 outbreak forces Malaysia facility closure Recovery efforts are underway with estimated timeline of 9 days. Companies are exploring alternative sourcing options to minimize impact. Manufacturing facilities in the region are implementing contingency plans. Supply chain disruptions expected to last approximately 4 days.,Carter Group News,Malaysia,High,Health Crisis,4,['Healthcare'],0.01
NEWS_DE5046F5,2025-05-03T16:51:30,Factory fire in Belgium halts production,Factory fire in Belgium halts production Recovery efforts are underway with estimated timeline of 8 days. Local authorities report significant impact on industrial operations in Belgium. Supply chain disruptions expected to last approximately 4 days.,"Santana, Stein and Spence News",Belgium,Medium,Industrial Accident,4,"['Logistics', 'Technology', 'Manufacturing']",-0.4
NEWS_ED3149E5,2025-05-27T08:33:30,Severe weather warning issued for Philippines,Severe weather warning issued for Philippines Companies are exploring alternative sourcing options to minimize impact. Recovery efforts are underway with estimated timeline of 8 days. Manufacturing facilities in the region are implementing contingency plans.,"Jackson, James and Taylor News",Philippines,High,Severe Weather,6,"['Manufacturing', 'Healthcare']",-0.06
NEWS_5336B3CE,2025-05-14T05:01:11,"Natural disaster hits Vietnam, affecting local suppliers","Natural disaster hits Vietnam, affecting local suppliers Recovery efforts are underway with estimated timeline of 11 days. Companies are exploring alternative sourcing options to minimize impact. Supply chain disruptions expected to last approximately 6 days. Local authorities report significant impact on industrial operations in Vietnam.",Snyder-Brown News,Vietnam,Critical,Natural Disaster,6,['Technology'],-0.77
NEWS_E8AD85A5,2025-05-20T16:36:39,Severe weather warning issued for India,Severe weather warning issued for India Manufacturing facilities in the region are implementing contingency plans. Local authorities report significant impact on industrial operations in India. Companies are exploring alternative sourcing options to minimize impact. Recovery efforts are underway with estimated timeline of 14 days.,Fisher-Washington News,India,Medium,Severe Weather,10,['Technology'],-0.97
NEWS_F0F80DE3,2025-05-03T07:47:46,Port strike in Malaysia disrupts shipping operations,Port strike in Malaysia disrupts shipping operations Supply chain disruptions expected to last approximately 7 days. Manufacturing facilities in the region are implementing contingency plans.,King-Wright News,Malaysia,Low,Labor Strike,7,"['Manufacturing', 'Logistics']",-0.38
NEWS_7095CDD6,2025-05-23T15:49:41,Severe weather warning issued for Thailand,Severe weather warning issued for Thailand Supply chain disruptions expected to last approximately 14 days. Local authorities report significant impact on industrial operations in Thailand. Companies are exploring alternative sourcing options to minimize impact.,"Jensen, Ellis and Taylor News",Thailand,Critical,Severe Weather,14,"['Manufacturing', 'Logistics']",0.15
NEWS_7AB140C8,2025-04-29T22:03:39,"Natural disaster hits Malaysia, affecting local suppliers","Natural disaster hits Malaysia, affecting local suppliers Companies are exploring alternative sourcing options to minimize impact. Recovery efforts are underway with estimated timeline of 16 days. Local authorities report significant impact on industrial operations in Malaysia.",Cook-Oliver News,Malaysia,High,Natural Disaster,14,"['Logistics', 'Healthcare', 'Technology']",-0.67
NEWS_3D037FC2,2025-05-15T14:07:13,"Natural disaster hits United States, affecting local suppliers","Natural disaster hits United States, affecting local suppliers Recovery efforts are underway with estimated timeline of 9 days. Supply chain disruptions expected to last approximately 8 days. Manufacturing facilities in the region are implementing contingency plans.",Cook-Ochoa News,United States,High,Natural Disaster,8,"['Technology', 'Logistics', 'Healthcare']",-0.31
NEWS_A1FA1D45,2025-05-28T10:41:39,Port strike in Israel disrupts shipping operations,Port strike in Israel disrupts shipping operations Manufacturing facilities in the region are implementing contingency plans. Companies are exploring alternative sourcing options to minimize impact. Recovery efforts are underway with estimated timeline of 9 days.,Evans PLC News,Israel,Medium,Labor Strike,5,"['Logistics', 'Manufacturing']",0.08
NEWS_9133B2A5,2025-05-09T08:11:07,Factory fire in Israel halts production,Factory fire in Israel halts production Supply chain disruptions expected to last approximately 8 days. Local authorities report significant impact on industrial operations in Israel. Recovery efforts are underway with estimated timeline of 12 days. Companies are exploring alternative sourcing options to minimize impact.,Edwards-Oconnell News,Israel,Medium,Industrial Accident,8,['Healthcare'],0.06
NEWS_E3CDB3DF,2025-05-15T01:59:55,Civil unrest in Canada impacts industrial operations,Civil unrest in Canada impacts industrial operations Supply chain disruptions expected to last approximately 11 days. Companies are exploring alternative sourcing options to minimize impact. Recovery efforts are underway with estimated timeline of 12 days. Local authorities report significant impact on industrial operations in Canada.,Navarro-Chen News,Canada,High,Civil Unrest,11,['Manufacturing'],-0.39
NEWS_F2D9FC8B,2025-05-27T13:07:27,Factory fire in Italy halts production,Factory fire in Italy halts production Supply chain disruptions expected to last approximately 8 days. Local authorities report significant impact on industrial operations in Italy. Recovery efforts are underway with estimated timeline of 10 days.,Nguyen LLC News,Italy,Low,Industrial Accident,8,['Technology'],-0.54
NEWS_13BCA0EF,2025-05-18T15:58:44,Factory fire in Israel halts production,Factory fire in Israel halts production Local authorities report significant impact on industrial operations in Israel. Recovery efforts are underway with estimated timeline of 16 days. Supply chain disruptions expected to last approximately 14 days.,Wilson-Elliott News,Israel,Low,Industrial Accident,14,"['Logistics', 'Technology', 'Healthcare']",-0.42
NEWS_C5ABC8AC,2025-05-28T08:10:15,Port strike in China disrupts shipping operations,Port strike in China disrupts shipping operations Companies are exploring alternative sourcing options to minimize impact. Supply chain disruptions expected to last approximately 9 days. Recovery efforts are underway with estimated timeline of 11 days. Manufacturing facilities in the region are implementing contingency plans.,"White, Saunders and Johnson News",China,Medium,Labor Strike,9,['Manufacturing'],-0.27
NEWS_41CB77A4,2025-05-22T00:00:18,Civil unrest in Thailand impacts industrial operations,Civil unrest in Thailand impacts industrial operations Companies are exploring alternative sourcing options to minimize impact. Supply chain disruptions expected to last approximately 2 days. Local authorities report significant impact on industrial operations in Thailand. Manufacturing facilities in the region are implementing contingency plans.,"Clark, Salinas and Guerra News",Thailand,High,Civil Unrest,2,['Technology'],-0.57
NEWS_A29D01E6,2025-05-02T22:45:07,Major power outage affects manufacturing in Malaysia for 11 days,Major power outage affects manufacturing in Malaysia for 11 days Companies are exploring alternative sourcing options to minimize impact. Local authorities report significant impact on industrial operations in Malaysia.,Chambers-Taylor News,Malaysia,Low,Power Outage,11,"['Healthcare', 'Logistics']",-0.94
NEWS_CE4FCF0A,2025-05-14T07:00:07,Major power outage affects manufacturing in United States for 13 days,Major power outage affects manufacturing in United States for 13 days Supply chain disruptions expected to last approximately 13 days. Manufacturing facilities in the region are implementing contingency plans.,King and Sons News,United States,Medium,Power Outage,13,['Manufacturing'],-0.98
NEWS_BC51BCD9,2025-05-20T03:09:22,Major power outage affects manufacturing in United States for 6 days,Major power outage affects manufacturing in United States for 6 days Local authorities report significant impact on industrial operations in United States. Supply chain disruptions expected to last approximately 6 days. Recovery efforts are underway with estimated timeline of 8 days. Manufacturing facilities in the region are implementing contingency plans.,Jones-Ewing News,United States,Medium,Power Outage,6,['Technology'],-0.38
NEWS_F016FC2D,2025-05-22T20:31:31,Severe weather warning issued for Italy,Severe weather warning issued for Italy Supply chain disruptions expected to last approximately 9 days. Companies are exploring alternative sourcing options to minimize impact. Recovery efforts are underway with estimated timeline of 11 days. Local authorities report significant impact on industrial operations in Italy.,"Morales, Hunter and Knapp News",Italy,Medium,Severe Weather,9,['Manufacturing'],-0.57
NEWS_CD452C3A,2025-05-19T21:31:55,Major power outage affects manufacturing in Thailand for 7 days,Major power outage affects manufacturing in Thailand for 7 days Companies are exploring alternative sourcing options to minimize impact. Supply chain disruptions expected to last approximately 7 days.,"Johnson, Schmitt and Miles News",Thailand,Critical,Power Outage,7,['Manufacturing'],-0.21
NEWS_940F53BF,2025-05-25T15:43:01,Regulatory inspection halts operations at South Korea facility,Regulatory inspection halts operations at South Korea facility Supply chain disruptions expected to last approximately 6 days. Companies are exploring alternative sourcing options to minimize impact.,"Little, Miller and Mack News",South Korea,High,Regulatory Issue,6,"['Technology', 'Manufacturing', 'Healthcare']",-0.7
NEWS_7DE42F27,2025-05-16T19:47:29,Regulatory inspection halts operations at India facility,Regulatory inspection halts operations at India facility Supply chain disruptions expected to last approximately 6 days. Manufacturing facilities in the region are implementing contingency plans. Local authorities report significant impact on industrial operations in India. Recovery efforts are underway with estimated timeline of 10 days.,Holland Inc News,India,Critical,Regulatory Issue,6,['Healthcare'],-0.98
NEWS_0402347D,2025-05-26T22:22:32,COVID-19 outbreak forces Mexico facility closure,COVID-19 outbreak forces Mexico facility closure Supply chain disruptions expected to last approximately 7 days. Local authorities report significant impact on industrial operations in Mexico. Companies are exploring alternative sourcing options to minimize impact. Manufacturing facilities in the region are implementing contingency plans.,"Byrd, Ross and Goodwin News",Mexico,Low,Health Crisis,7,"['Logistics', 'Healthcare']",-0.49
NEWS_3655A896,2025-05-20T11:41:36,Regulatory inspection halts operations at Singapore facility,Regulatory inspection halts operations at Singapore facility Manufacturing facilities in the region are implementing contingency plans. Companies are exploring alternative sourcing options to minimize impact.,Smith LLC News,Singapore,High,Regulatory Issue,2,['Logistics'],-0.55
NEWS_2FE84232,2025-05-10T08:49:35,Major power outage affects manufacturing in Indonesia for 4 days,Major power outage affects manufacturing in Indonesia for 4 days Manufacturing facilities in the region are implementing contingency plans. Supply chain disruptions expected to last approximately 4 days. Companies are exploring alternative sourcing options to minimize impact.,"Burgess, Grant and Watts News",Indonesia,High,Power Outage,4,"['Manufacturing', 'Healthcare', 'Logistics']",-0.22
NEWS_2C173A2E,2025-05-10T07:41:49,Major power outage affects manufacturing in Japan for 4 days,Major power outage affects manufacturing in Japan for 4 days Supply chain disruptions expected to last approximately 4 days. Recovery efforts are underway with estimated timeline of 7 days. Manufacturing facilities in the region are implementing contingency plans.,Brooks-Ford News,Japan,Low,Power Outage,4,"['Logistics', 'Healthcare', 'Manufacturing']",-0.27
NEWS_DFC86754,2025-05-28T03:56:00,Transportation network disrupted in Ireland,Transportation network disrupted in Ireland Local authorities report significant impact on industrial operations in Ireland. Recovery efforts are underway with estimated timeline of 8 days. Supply chain disruptions expected to last approximately 6 days.,"Mason, Cooper and Johnson News",Ireland,Low,Transportation Disruption,6,['Manufacturing'],-0.24
NEWS_30918D52,2025-05-04T15:59:06,New trade tariffs imposed on goods from Vietnam,New trade tariffs imposed on goods from Vietnam Recovery efforts are underway with estimated timeline of 4 days. Supply chain disruptions expected to last approximately 3 days.,Perry-Nixon News,Vietnam,Medium,Trade Policy,3,"['Manufacturing', 'Logistics', 'Healthcare']",-0.63
NEWS_B9CFD74A,2025-05-05T05:24:25,New trade tariffs imposed on goods from Israel,New trade tariffs imposed on goods from Israel Recovery efforts are underway with estimated timeline of 8 days. Supply chain disruptions expected to last approximately 4 days.,"Thomas, Collins and Gibson News",Israel,High,Trade Policy,4,"['Technology', 'Healthcare']",-0.76
NEWS_0EC87689,2025-05-09T15:11:39,Port strike in France disrupts shipping operations,Port strike in France disrupts shipping operations Supply chain disruptions expected to last approximately 6 days. Companies are exploring alternative sourcing options to minimize impact. Recovery efforts are underway with estimated timeline of 10 days.,"Webb, Alvarez and Kim News",France,Critical,Labor Strike,6,"['Technology', 'Manufacturing', 'Logistics']",-0.98
NEWS_5E1CD7AD,2025-05-21T13:18:56,Factory fire in Ireland halts production,Factory fire in Ireland halts production Recovery efforts are underway with estimated timeline of 15 days. Supply chain disruptions expected to last approximately 14 days. Manufacturing facilities in the region are implementing contingency plans.,Jones-Williams News,Ireland,Medium,Industrial Accident,14,"['Technology', 'Logistics']",-0.63
